Workbook

Sheet Demand Projection
A1: No | B1: Produk | C1: Tanggal Order | D1: Jumlah
A2: 1 | B2: SKU PROD A | C2: 46025 | D2: 1000
A3: 2 | B3: SKU PROD B | C3: 46025 | D3: 6000
A4: 3 | B4: SKU PROD A | C4: 46026 | D4: 400
A5: 4 | B5: SKU PROD C | C5: 46027 | D5: 900
A6: 5 | B6: SKU PROD D | C6: 46028 | D6: 600
A7: 6 | B7: SKU PROD A | C7: 46029 | D7: 1000
A8: 7 | B8: SKU PROD C | C8: 46031 | D8: 500
A9: 8 | B9: SKU PROD E | C9: 46034 | D9: 400
A10: 9 | B10: SKU PROD B | C10: 46035 | D10: 600
A11: 10 | B11: SKU PROD D | C11: 46039 | D11: 900
A12: 11 | B12: SKU PROD C | C12: 46042 | D12: 800
A13: 12 | B13: SKU PROD A | C13: 46046 | D13: 1000
... A15: 14 | B15: SKU PROD E | C15: 46050 | D15: 2000
A16: 15 | B16: {=INDEX($B$2:$B$15,MOD(ROW()-2,14)+1)} -> SKU PROD A | C16: =EDATE(INDEX($C$2:$C$15,MOD(ROW()-2,14)+1),INT((ROW()-2)/14)) -> 46056 | D16: =_xlfn.LET( _xlpm.m,MONTH(C16), _xlpm.d,DAY(C16), _xlpm.f, IF(_xlpm.m=2,IF(_xlpm.d<15,1.05,1.075), IF(_xlpm.m=3,IF(_xlpm.d<20,0.98,1.015), IF(_xlpm.m=4,IF(_xlpm.d<17,1.025,0.95), IF(_xlpm.m=5,IF(_xlpm.d<22,0.95,1.05), IF(_xlpm.m=6,0.95, IF(_xlpm.m=7,IF(_xlpm.d<10,1.15,0.95), IF(_xlpm.m=8,IF(_xlpm.d<25,0.85,1.03), IF(_xlpm.m=9,IF(_xlpm.d<25,0.85,1.03), IF(_xlpm.m=10,IF(_xlpm.d<11,0.9,0.95), IF(_xlpm.m=11,IF(_xlpm.d<13,1.12,1.06), IF(_xlpm.m=12,IF(_xlpm.d<10,1.06,1.12),1))))))))))), ROUNDUP(D2*_xlpm.f,0) ) -> 1050
A17: 16 | B17: {=INDEX($B$2:$B$15,MOD(ROW()-2,14)+1)} -> SKU PROD B | C17: =EDATE(INDEX($C$2:$C$15,MOD(ROW()-2,14)+1),INT((ROW()-2)/14)) -> 46056 | D17: =_xlfn.LET( _xlpm.m,MONTH(C17), _xlpm.d,DAY(C17), _xlpm.f, IF(_xlpm.m=2,IF(_xlpm.d<15,1.05,1.075), IF(_xlpm.m=3,IF(_xlpm.d<20,0.98,1.015), IF(_xlpm.m=4,IF(_xlpm.d<17,1.025,0.95), IF(_xlpm.m=5,IF(_xlpm.d<22,0.95,1.05), IF(_xlpm.m=6,0.95, IF(_xlpm.m=7,IF(_xlpm.d<10,1.15,0.95), IF(_xlpm.m=8,IF(_xlpm.d<25,0.85,1.03), IF(_xlpm.m=9,IF(_xlpm.d<25,0.85,1.03), IF(_xlpm.m=10,IF(_xlpm.d<11,0.9,0.95), IF(_xlpm.m=11,IF(_xlpm.d<13,1.12,1.06), IF(_xlpm.m=12,IF(_xlpm.d<10,1.06,1.12),1))))))))))), ROUNDUP(D3*_xlpm.f,0) ) -> 6300
A18: 17 | B18: {=INDEX($B$2:$B$15,MOD(ROW()-2,14)+1)} -> SKU PROD A | C18: =EDATE(INDEX($C$2:$C$15,MOD(ROW()-2,14)+1),INT((ROW()-2)/14)) -> 46057 | D18: =_xlfn.LET( _xlpm.m,MONTH(C18), _xlpm.d,DAY(C18), _xlpm.f, IF(_xlpm.m=2,IF(_xlpm.d<15,1.05,1.075), IF(_xlpm.m=3,IF(_xlpm.d<20,0.98,1.015), IF(_xlpm.m=4,IF(_xlpm.d<17,1.025,0.95), IF(_xlpm.m=5,IF(_xlpm.d<22,0.95,1.05), IF(_xlpm.m=6,0.95, IF(_xlpm.m=7,IF(_xlpm.d<10,1.15,0.95), IF(_xlpm.m=8,IF(_xlpm.d<25,0.85,1.03), IF(_xlpm.m=9,IF(_xlpm.d<25,0.85,1.03), IF(_xlpm.m=10,IF(_xlpm.d<11,0.9,0.95), IF(_xlpm.m=11,IF(_xlpm.d<13,1.12,1.06), IF(_xlpm.m=12,IF(_xlpm.d<10,1.06,1.12),1))))))))))), ROUNDUP(D4*_xlpm.f,0) ) -> 420
A19: 18 | B19: {=INDEX($B$2:$B$15,MOD(ROW()-2,14)+1)} -> SKU PROD C | C19: =EDATE(INDEX($C$2:$C$15,MOD(ROW()-2,14)+1),INT((ROW()-2)/14)) -> 46058 | D19: =_xlfn.LET( _xlpm.m,MONTH(C19), _xlpm.d,DAY(C19), _xlpm.f, IF(_xlpm.m=2,IF(_xlpm.d<15,1.05,1.075), IF(_xlpm.m=3,IF(_xlpm.d<20,0.98,1.015), IF(_xlpm.m=4,IF(_xlpm.d<17,1.025,0.95), IF(_xlpm.m=5,IF(_xlpm.d<22,0.95,1.05), IF(_xlpm.m=6,0.95, IF(_xlpm.m=7,IF(_xlpm.d<10,1.15,0.95), IF(_xlpm.m=8,IF(_xlpm.d<25,0.85,1.03), IF(_xlpm.m=9,IF(_xlpm.d<25,0.85,1.03), IF(_xlpm.m=10,IF(_xlpm.d<11,0.9,0.95), IF(_xlpm.m=11,IF(_xlpm.d<13,1.12,1.06), IF(_xlpm.m=12,IF(_xlpm.d<10,1.06,1.12),1))))))))))), ROUNDUP(D5*_xlpm.f,0) ) -> 945
A20: 19 | B20: {=INDEX($B$2:$B$15,MOD(ROW()-2,14)+1)} -> SKU PROD D | C20: =EDATE(INDEX($C$2:$C$15,MOD(ROW()-2,14)+1),INT((ROW()-2)/14)) -> 46059 | D20: =_xlfn.LET( _xlpm.m,MONTH(C20), _xlpm.d,DAY(C20), _xlpm.f, IF(_xlpm.m=2,IF(_xlpm.d<15,1.05,1.075), IF(_xlpm.m=3,IF(_xlpm.d<20,0.98,1.015), IF(_xlpm.m=4,IF(_xlpm.d<17,1.025,0.95), IF(_xlpm.m=5,IF(_xlpm.d<22,0.95,1.05), IF(_xlpm.m=6,0.95, IF(_xlpm.m=7,IF(_xlpm.d<10,1.15,0.95), IF(_xlpm.m=8,IF(_xlpm.d<25,0.85,1.03), IF(_xlpm.m=9,IF(_xlpm.d<25,0.85,1.03), IF(_xlpm.m=10,IF(_xlpm.d<11,0.9,0.95), IF(_xlpm.m=11,IF(_xlpm.d<13,1.12,1.06), IF(_xlpm.m=12,IF(_xlpm.d<10,1.06,1.12),1))))))))))), ROUNDUP(D6*_xlpm.f,0) ) -> 630
A21: 20 | B21: {=INDEX($B$2:$B$15,MOD(ROW()-2,14)+1)} -> SKU PROD A | C21: =EDATE(INDEX($C$2:$C$15,MOD(ROW()-2,14)+1),INT((ROW()-2)/14)) -> 46060 | D21: =_xlfn.LET( _xlpm.m,MONTH(C21), _xlpm.d,DAY(C21), _xlpm.f, IF(_xlpm.m=2,IF(_xlpm.d<15,1.05,1.075), IF(_xlpm.m=3,IF(_xlpm.d<20,0.98,1.015), IF(_xlpm.m=4,IF(_xlpm.d<17,1.025,0.95), IF(_xlpm.m=5,IF(_xlpm.d<22,0.95,1.05), IF(_xlpm.m=6,0.95, IF(_xlpm.m=7,IF(_xlpm.d<10,1.15,0.95), IF(_xlpm.m=8,IF(_xlpm.d<25,0.85,1.03), IF(_xlpm.m=9,IF(_xlpm.d<25,0.85,1.03), IF(_xlpm.m=10,IF(_xlpm.d<11,0.9,0.95), IF(_xlpm.m=11,IF(_xlpm.d<13,1.12,1.06), IF(_xlpm.m=12,IF(_xlpm.d<10,1.06,1.12),1))))))))))), ROUNDUP(D7*_xlpm.f,0) ) -> 1050
A22: 21 | B22: {=INDEX($B$2:$B$15,MOD(ROW()-2,14)+1)} -> SKU PROD C | C22: =EDATE(INDEX($C$2:$C$15,MOD(ROW()-2,14)+1),INT((ROW()-2)/14)) -> 46062 | D22: =_xlfn.LET( _xlpm.m,MONTH(C22), _xlpm.d,DAY(C22), _xlpm.f, IF(_xlpm.m=2,IF(_xlpm.d<15,1.05,1.075), IF(_xlpm.m=3,IF(_xlpm.d<20,0.98,1.015), IF(_xlpm.m=4,IF(_xlpm.d<17,1.025,0.95), IF(_xlpm.m=5,IF(_xlpm.d<22,0.95,1.05), IF(_xlpm.m=6,0.95, IF(_xlpm.m=7,IF(_xlpm.d<10,1.15,0.95), IF(_xlpm.m=8,IF(_xlpm.d<25,0.85,1.03), IF(_xlpm.m=9,IF(_xlpm.d<25,0.85,1.03), IF(_xlpm.m=10,IF(_xlpm.d<11,0.9,0.95), IF(_xlpm.m=11,IF(_xlpm.d<13,1.12,1.06), IF(_xlpm.m=12,IF(_xlpm.d<10,1.06,1.12),1))))))))))), ROUNDUP(D8*_xlpm.f,0) ) -> 525
A23: 22 | B23: {=INDEX($B$2:$B$15,MOD(ROW()-2,14)+1)} -> SKU PROD E | C23: =EDATE(INDEX($C$2:$C$15,MOD(ROW()-2,14)+1),INT((ROW()-2)/14)) -> 46065 | D23: =_xlfn.LET( _xlpm.m,MONTH(C23), _xlpm.d,DAY(C23), _xlpm.f, IF(_xlpm.m=2,IF(_xlpm.d<15,1.05,1.075), IF(_xlpm.m=3,IF(_xlpm.d<20,0.98,1.015), IF(_xlpm.m=4,IF(_xlpm.d<17,1.025,0.95), IF(_xlpm.m=5,IF(_xlpm.d<22,0.95,1.05), IF(_xlpm.m=6,0.95, IF(_xlpm.m=7,IF(_xlpm.d<10,1.15,0.95), IF(_xlpm.m=8,IF(_xlpm.d<25,0.85,1.03), IF(_xlpm.m=9,IF(_xlpm.d<25,0.85,1.03), IF(_xlpm.m=10,IF(_xlpm.d<11,0.9,0.95), IF(_xlpm.m=11,IF(_xlpm.d<13,1.12,1.06), IF(_xlpm.m=12,IF(_xlpm.d<10,1.06,1.12),1))))))))))), ROUNDUP(D9*_xlpm.f,0) ) -> 420
A24: 23 | B24: {=INDEX($B$2:$B$15,MOD(ROW()-2,14)+1)} -> SKU PROD B | C24: =EDATE(INDEX($C$2:$C$15,MOD(ROW()-2,14)+1),INT((ROW()-2)/14)) -> 46066 | D24: =_xlfn.LET( _xlpm.m,MONTH(C24), _xlpm.d,DAY(C24), _xlpm.f, IF(_xlpm.m=2,IF(_xlpm.d<15,1.05,1.075), IF(_xlpm.m=3,IF(_xlpm.d<20,0.98,1.015), IF(_xlpm.m=4,IF(_xlpm.d<17,1.025,0.95), IF(_xlpm.m=5,IF(_xlpm.d<22,0.95,1.05), IF(_xlpm.m=6,0.95, IF(_xlpm.m=7,IF(_xlpm.d<10,1.15,0.95), IF(_xlpm.m=8,IF(_xlpm.d<25,0.85,1.03), IF(_xlpm.m=9,IF(_xlpm.d<25,0.85,1.03), IF(_xlpm.m=10,IF(_xlpm.d<11,0.9,0.95), IF(_xlpm.m=11,IF(_xlpm.d<13,1.12,1.06), IF(_xlpm.m=12,IF(_xlpm.d<10,1.06,1.12),1))))))))))), ROUNDUP(D10*_xlpm.f,0) ) -> 630
A25: 24 | B25: {=INDEX($B$2:$B$15,MOD(ROW()-2,14)+1)} -> SKU PROD D | C25: =EDATE(INDEX($C$2:$C$15,MOD(ROW()-2,14)+1),INT((ROW()-2)/14)) -> 46070 | D25: =_xlfn.LET( _xlpm.m,MONTH(C25), _xlpm.d,DAY(C25), _xlpm.f, IF(_xlpm.m=2,IF(_xlpm.d<15,1.05,1.075), IF(_xlpm.m=3,IF(_xlpm.d<20,0.98,1.015), IF(_xlpm.m=4,IF(_xlpm.d<17,1.025,0.95), IF(_xlpm.m=5,IF(_xlpm.d<22,0.95,1.05), IF(_xlpm.m=6,0.95, IF(_xlpm.m=7,IF(_xlpm.d<10,1.15,0.95), IF(_xlpm.m=8,IF(_xlpm.d<25,0.85,1.03), IF(_xlpm.m=9,IF(_xlpm.d<25,0.85,1.03), IF(_xlpm.m=10,IF(_xlpm.d<11,0.9,0.95), IF(_xlpm.m=11,IF(_xlpm.d<13,1.12,1.06), IF(_xlpm.m=12,IF(_xlpm.d<10,1.06,1.12),1))))))))))), ROUNDUP(D11*_xlpm.f,0) ) -> 968
A26: 25 | B26: {=INDEX($B$2:$B$15,MOD(ROW()-2,14)+1)} -> SKU PROD C | C26: =EDATE(INDEX($C$2:$C$15,MOD(ROW()-2,14)+1),INT((ROW()-2)/14)) -> 46073 | D26: =_xlfn.LET( _xlpm.m,MONTH(C26), _xlpm.d,DAY(C26), _xlpm.f, IF(_xlpm.m=2,IF(_xlpm.d<15,1.05,1.075), IF(_xlpm.m=3,IF(_xlpm.d<20,0.98,1.015), IF(_xlpm.m=4,IF(_xlpm.d<17,1.025,0.95), IF(_xlpm.m=5,IF(_xlpm.d<22,0.95,1.05), IF(_xlpm.m=6,0.95, IF(_xlpm.m=7,IF(_xlpm.d<10,1.15,0.95), IF(_xlpm.m=8,IF(_xlpm.d<25,0.85,1.03), IF(_xlpm.m=9,IF(_xlpm.d<25,0.85,1.03), IF(_xlpm.m=10,IF(_xlpm.d<11,0.9,0.95), IF(_xlpm.m=11,IF(_xlpm.d<13,1.12,1.06), IF(_xlpm.m=12,IF(_xlpm.d<10,1.06,1.12),1))))))))))), ROUNDUP(D12*_xlpm.f,0) ) -> 860
A27: 26 | B27: {=INDEX($B$2:$B$15,MOD(ROW()-2,14)+1)} -> SKU PROD A | C27: =EDATE(INDEX($C$2:$C$15,MOD(ROW()-2,14)+1),INT((ROW()-2)/14)) -> 46077 | D27: =_xlfn.LET( _xlpm.m,MONTH(C27), _xlpm.d,DAY(C27), _xlpm.f, IF(_xlpm.m=2,IF(_xlpm.d<15,1.05,1.075), IF(_xlpm.m=3,IF(_xlpm.d<20,0.98,1.015), IF(_xlpm.m=4,IF(_xlpm.d<17,1.025,0.95), IF(_xlpm.m=5,IF(_xlpm.d<22,0.95,1.05), IF(_xlpm.m=6,0.95, IF(_xlpm.m=7,IF(_xlpm.d<10,1.15,0.95), IF(_xlpm.m=8,IF(_xlpm.d<25,0.85,1.03), IF(_xlpm.m=9,IF(_xlpm.d<25,0.85,1.03), IF(_xlpm.m=10,IF(_xlpm.d<11,0.9,0.95), IF(_xlpm.m=11,IF(_xlpm.d<13,1.12,1.06), IF(_xlpm.m=12,IF(_xlpm.d<10,1.06,1.12),1))))))))))), ROUNDUP(D13*_xlpm.f,0) ) -> 1075
... A169: 168 | B169: {=INDEX($B$2:$B$15,MOD(ROW()-2,14)+1)} -> SKU PROD E | C169: =EDATE(INDEX($C$2:$C$15,MOD(ROW()-2,14)+1),INT((ROW()-2)/14)) -> 46384 | D169: =_xlfn.LET( _xlpm.m,MONTH(C169), _xlpm.d,DAY(C169), _xlpm.f, IF(_xlpm.m=2,IF(_xlpm.d<15,1.05,1.075), IF(_xlpm.m=3,IF(_xlpm.d<20,0.98,1.015), IF(_xlpm.m=4,IF(_xlpm.d<17,1.025,0.95), IF(_xlpm.m=5,IF(_xlpm.d<22,0.95,1.05), IF(_xlpm.m=6,0.95, IF(_xlpm.m=7,IF(_xlpm.d<10,1.15,0.95), IF(_xlpm.m=8,IF(_xlpm.d<25,0.85,1.03), IF(_xlpm.m=9,IF(_xlpm.d<25,0.85,1.03), IF(_xlpm.m=10,IF(_xlpm.d<11,0.9,0.95), IF(_xlpm.m=11,IF(_xlpm.d<13,1.12,1.06), IF(_xlpm.m=12,IF(_xlpm.d<10,1.06,1.12),1))))))))))), ROUNDUP(D155*_xlpm.f,0) ) -> 2357

Sheet Warehouse
A1: # | B1: Item / SKU | C1: Date | D1: Stock Qty | E1: Status | F1: Arrival Date | G1: Kapasitas Gudang
A2: 1 | B2: SKU PROD A | C2: 46023 | D2: 2200 | E2: Initial Stock | F2: =IF(E2="Initial Stock",C2,C2+3) -> 46023 | G2: {=_xlfn.LET( _xlpm.skus,Capacity!$D$3:$D$7, _xlpm.caps,Capacity!$B$3:$B$7, SUM( ( SUMIFS($D$2:$D$70,$B$2:$B$70,_xlpm.skus,$F$2:$F$70,"<="&F2) - SUMIFS('Demand Projection'!$D$2:$D$169,'Demand Projection'!$B$2:$B$169,_xlpm.skus,'Demand Projection'!$C$2:$C$169,"<="&F2) ) /_xlpm.caps ) )} -> 1.2087821
A3: 2 | B3: SKU PROD B | C3: 46023 | D3: 8000 | E3: Initial Stock | F3: =IF(E3="Initial Stock",C3,C3+3) -> 46023 | G3: {=_xlfn.LET( _xlpm.skus,Capacity!$D$3:$D$7, _xlpm.caps,Capacity!$B$3:$B$7, SUM( ( SUMIFS($D$2:$D$70,$B$2:$B$70,_xlpm.skus,$F$2:$F$70,"<="&F3) - SUMIFS('Demand Projection'!$D$2:$D$169,'Demand Projection'!$B$2:$B$169,_xlpm.skus,'Demand Projection'!$C$2:$C$169,"<="&F3) ) /_xlpm.caps ) )} -> 1.2087821
A4: 3 | B4: SKU PROD C | C4: 46023 | D4: 1700 | E4: Initial Stock | F4: =IF(E4="Initial Stock",C4,C4+3) -> 46023 | G4: {=_xlfn.LET( _xlpm.skus,Capacity!$D$3:$D$7, _xlpm.caps,Capacity!$B$3:$B$7, SUM( ( SUMIFS($D$2:$D$70,$B$2:$B$70,_xlpm.skus,$F$2:$F$70,"<="&F4) - SUMIFS('Demand Projection'!$D$2:$D$169,'Demand Projection'!$B$2:$B$169,_xlpm.skus,'Demand Projection'!$C$2:$C$169,"<="&F4) ) /_xlpm.caps ) )} -> 1.2087821
A5: 4 | B5: SKU PROD D | C5: 46023 | D5: 3500 | E5: Initial Stock | F5: =IF(E5="Initial Stock",C5,C5+3) -> 46023 | G5: {=_xlfn.LET( _xlpm.skus,Capacity!$D$3:$D$7, _xlpm.caps,Capacity!$B$3:$B$7, SUM( ( SUMIFS($D$2:$D$70,$B$2:$B$70,_xlpm.skus,$F$2:$F$70,"<="&F5) - SUMIFS('Demand Projection'!$D$2:$D$169,'Demand Projection'!$B$2:$B$169,_xlpm.skus,'Demand Projection'!$C$2:$C$169,"<="&F5) ) /_xlpm.caps ) )} -> 1.2087821
A6: 5 | B6: SKU PROD E | C6: 46023 | D6: 2300 | E6: Initial Stock | F6: =IF(E6="Initial Stock",C6,C6+3) -> 46023 | G6: {=_xlfn.LET( _xlpm.skus,Capacity!$D$3:$D$7, _xlpm.caps,Capacity!$B$3:$B$7, SUM( ( SUMIFS($D$2:$D$70,$B$2:$B$70,_xlpm.skus,$F$2:$F$70,"<="&F6) - SUMIFS('Demand Projection'!$D$2:$D$169,'Demand Projection'!$B$2:$B$169,_xlpm.skus,'Demand Projection'!$C$2:$C$169,"<="&F6) ) /_xlpm.caps ) )} -> 1.2087821
A7: 6 | B7: {=IFERROR(INDEX('Warehouse Helper'!$A$2:$A$169,_xlfn.AGGREGATE(15,6,(ROW('Warehouse Helper'!$J$2:$J$169)-ROW('Warehouse Helper'!$J$2)+1)/('Warehouse Helper'!$J$2:$J$169>0),ROWS($B$7:B7))),"")} -> SKU PROD A | C7: {=IFERROR(INDEX('Warehouse Helper'!$B$2:$B$169,_xlfn.AGGREGATE(15,6,(ROW('Warehouse Helper'!$J$2:$J$169)-ROW('Warehouse Helper'!$J$2)+1)/('Warehouse Helper'!$J$2:$J$169>0),ROWS($C$7:C7))),"")} -> 46029 | D7: {=IFERROR(INDEX('Warehouse Helper'!$J$2:$J$169,_xlfn.AGGREGATE(15,6,(ROW('Warehouse Helper'!$J$2:$J$169)-ROW('Warehouse Helper'!$J$2)+1)/('Warehouse Helper'!$J$2:$J$169>0),ROWS($D$7:D7))),"")} -> 2832 | E7: Reorder | F7: =IF(E7="Initial Stock",C7,C7+3) -> 46032 | G7: {=_xlfn.LET( _xlpm.skus,Capacity!$D$3:$D$7, _xlpm.caps,Capacity!$B$3:$B$7, SUM( ( SUMIFS($D$2:$D$70,$B$2:$B$70,_xlpm.skus,$F$2:$F$70,"<="&F7) - SUMIFS('Demand Projection'!$D$2:$D$169,'Demand Projection'!$B$2:$B$169,_xlpm.skus,'Demand Projection'!$C$2:$C$169,"<="&F7) ) /_xlpm.caps ) )} -> 0.84364872
A8: 7 | B8: {=IFERROR(INDEX('Warehouse Helper'!$A$2:$A$169,_xlfn.AGGREGATE(15,6,(ROW('Warehouse Helper'!$J$2:$J$169)-ROW('Warehouse Helper'!$J$2)+1)/('Warehouse Helper'!$J$2:$J$169>0),ROWS($B$7:B8))),"")} -> SKU PROD C | C8: {=IFERROR(INDEX('Warehouse Helper'!$B$2:$B$169,_xlfn.AGGREGATE(15,6,(ROW('Warehouse Helper'!$J$2:$J$169)-ROW('Warehouse Helper'!$J$2)+1)/('Warehouse Helper'!$J$2:$J$169>0),ROWS($C$7:C8))),"")} -> 46031 | D8: {=IFERROR(INDEX('Warehouse Helper'!$J$2:$J$169,_xlfn.AGGREGATE(15,6,(ROW('Warehouse Helper'!$J$2:$J$169)-ROW('Warehouse Helper'!$J$2)+1)/('Warehouse Helper'!$J$2:$J$169>0),ROWS($D$7:D8))),"")} -> 1237 | E8: Reorder | F8: =IF(E8="Initial Stock",C8,C8+3) -> 46034 | G8: {=_xlfn.LET( _xlpm.skus,Capacity!$D$3:$D$7, _xlpm.caps,Capacity!$B$3:$B$7, SUM( ( SUMIFS($D$2:$D$70,$B$2:$B$70,_xlpm.skus,$F$2:$F$70,"<="&F8) - SUMIFS('Demand Projection'!$D$2:$D$169,'Demand Projection'!$B$2:$B$169,_xlpm.skus,'Demand Projection'!$C$2:$C$169,"<="&F8) ) /_xlpm.caps ) )} -> 0.90560256
A9: 8 | B9: {=IFERROR(INDEX('Warehouse Helper'!$A$2:$A$169,_xlfn.AGGREGATE(15,6,(ROW('Warehouse Helper'!$J$2:$J$169)-ROW('Warehouse Helper'!$J$2)+1)/('Warehouse Helper'!$J$2:$J$169>0),ROWS($B$7:B9))),"")} -> SKU PROD D | C9: {=IFERROR(INDEX('Warehouse Helper'!$B$2:$B$169,_xlfn.AGGREGATE(15,6,(ROW('Warehouse Helper'!$J$2:$J$169)-ROW('Warehouse Helper'!$J$2)+1)/('Warehouse Helper'!$J$2:$J$169>0),ROWS($C$7:C9))),"")} -> 46050 | D9: {=IFERROR(INDEX('Warehouse Helper'!$J$2:$J$169,_xlfn.AGGREGATE(15,6,(ROW('Warehouse Helper'!$J$2:$J$169)-ROW('Warehouse Helper'!$J$2)+1)/('Warehouse Helper'!$J$2:$J$169>0),ROWS($D$7:D9))),"")} -> 4532 | E9: Reorder | F9: =IF(E9="Initial Stock",C9,C9+3) -> 46053 | G9: {=_xlfn.LET( _xlpm.skus,Capacity!$D$3:$D$7, _xlpm.caps,Capacity!$B$3:$B$7, SUM( ( SUMIFS($D$2:$D$70,$B$2:$B$70,_xlpm.skus,$F$2:$F$70,"<="&F9) - SUMIFS('Demand Projection'!$D$2:$D$169,'Demand Projection'!$B$2:$B$169,_xlpm.skus,'Demand Projection'!$C$2:$C$169,"<="&F9) ) /_xlpm.caps ) )} -> 0.83070513
A10: 9 | B10: {=IFERROR(INDEX('Warehouse Helper'!$A$2:$A$169,_xlfn.AGGREGATE(15,6,(ROW('Warehouse Helper'!$J$2:$J$169)-ROW('Warehouse Helper'!$J$2)+1)/('Warehouse Helper'!$J$2:$J$169>0),ROWS($B$7:B10))),"")} -> SKU PROD E | C10: {=IFERROR(INDEX('Warehouse Helper'!$B$2:$B$169,_xlfn.AGGREGATE(15,6,(ROW('Warehouse Helper'!$J$2:$J$169)-ROW('Warehouse Helper'!$J$2)+1)/('Warehouse Helper'!$J$2:$J$169>0),ROWS($C$7:C10))),"")} -> 46050 | D10: {=IFERROR(INDEX('Warehouse Helper'!$J$2:$J$169,_xlfn.AGGREGATE(15,6,(ROW('Warehouse Helper'!$J$2:$J$169)-ROW('Warehouse Helper'!$J$2)+1)/('Warehouse Helper'!$J$2:$J$169>0),ROWS($D$7:D10))),"")} -> 2457 | E10: Reorder | F10: =IF(E10="Initial Stock",C10,C10+3) -> 46053 | G10: {=_xlfn.LET( _xlpm.skus,Capacity!$D$3:$D$7, _xlpm.caps,Capacity!$B$3:$B$7, SUM( ( SUMIFS($D$2:$D$70,$B$2:$B$70,_xlpm.skus,$F$2:$F$70,"<="&F10) - SUMIFS('Demand Projection'!$D$2:$D$169,'Demand Projection'!$B$2:$B$169,_xlpm.skus,'Demand Projection'!$C$2:$C$169,"<="&F10) ) /_xlpm.caps ) )} -> 0.83070513
A11: 10 | B11: {=IFERROR(INDEX('Warehouse Helper'!$A$2:$A$169,_xlfn.AGGREGATE(15,6,(ROW('Warehouse Helper'!$J$2:$J$169)-ROW('Warehouse Helper'!$J$2)+1)/('Warehouse Helper'!$J$2:$J$169>0),ROWS($B$7:B11))),"")} -> SKU PROD A | C11: {=IFERROR(INDEX('Warehouse Helper'!$B$2:$B$169,_xlfn.AGGREGATE(15,6,(ROW('Warehouse Helper'!$J$2:$J$169)-ROW('Warehouse Helper'!$J$2)+1)/('Warehouse Helper'!$J$2:$J$169>0),ROWS($C$7:C11))),"")} -> 46056 | D11: {=IFERROR(INDEX('Warehouse Helper'!$J$2:$J$169,_xlfn.AGGREGATE(15,6,(ROW('Warehouse Helper'!$J$2:$J$169)-ROW('Warehouse Helper'!$J$2)+1)/('Warehouse Helper'!$J$2:$J$169>0),ROWS($D$7:D11))),"")} -> 2050 | E11: Reorder | F11: =IF(E11="Initial Stock",C11,C11+3) -> 46059 | G11: {=_xlfn.LET( _xlpm.skus,Capacity!$D$3:$D$7, _xlpm.caps,Capacity!$B$3:$B$7, SUM( ( SUMIFS($D$2:$D$70,$B$2:$B$70,_xlpm.skus,$F$2:$F$70,"<="&F11) - SUMIFS('Demand Projection'!$D$2:$D$169,'Demand Projection'!$B$2:$B$169,_xlpm.skus,'Demand Projection'!$C$2:$C$169,"<="&F11) ) /_xlpm.caps ) )} -> 0.95375513
A12: 11 | B12: {=IFERROR(INDEX('Warehouse Helper'!$A$2:$A$169,_xlfn.AGGREGATE(15,6,(ROW('Warehouse Helper'!$J$2:$J$169)-ROW('Warehouse Helper'!$J$2)+1)/('Warehouse Helper'!$J$2:$J$169>0),ROWS($B$7:B12))),"")} -> SKU PROD B | C12: {=IFERROR(INDEX('Warehouse Helper'!$B$2:$B$169,_xlfn.AGGREGATE(15,6,(ROW('Warehouse Helper'!$J$2:$J$169)-ROW('Warehouse Helper'!$J$2)+1)/('Warehouse Helper'!$J$2:$J$169>0),ROWS($C$7:C12))),"")} -> 46056 | D12: {=IFERROR(INDEX('Warehouse Helper'!$J$2:$J$169,_xlfn.AGGREGATE(15,6,(ROW('Warehouse Helper'!$J$2:$J$169)-ROW('Warehouse Helper'!$J$2)+1)/('Warehouse Helper'!$J$2:$J$169>0),ROWS($D$7:D12))),"")} -> 11470 | E12: Reorder | F12: =IF(E12="Initial Stock",C12,C12+3) -> 46059 | G12: {=_xlfn.LET( _xlpm.skus,Capacity!$D$3:$D$7, _xlpm.caps,Capacity!$B$3:$B$7, SUM( ( SUMIFS($D$2:$D$70,$B$2:$B$70,_xlpm.skus,$F$2:$F$70,"<="&F12) - SUMIFS('Demand Projection'!$D$2:$D$169,'Demand Projection'!$B$2:$B$169,_xlpm.skus,'Demand Projection'!$C$2:$C$169,"<="&F12) ) /_xlpm.caps ) )} -> 0.95375513
A13: 12 | B13: {=IFERROR(INDEX('Warehouse Helper'!$A$2:$A$169,_xlfn.AGGREGATE(15,6,(ROW('Warehouse Helper'!$J$2:$J$169)-ROW('Warehouse Helper'!$J$2)+1)/('Warehouse Helper'!$J$2:$J$169>0),ROWS($B$7:B13))),"")} -> SKU PROD A | C13: {=IFERROR(INDEX('Warehouse Helper'!$B$2:$B$169,_xlfn.AGGREGATE(15,6,(ROW('Warehouse Helper'!$J$2:$J$169)-ROW('Warehouse Helper'!$J$2)+1)/('Warehouse Helper'!$J$2:$J$169>0),ROWS($C$7:C13))),"")} -> 46057 | D13: {=IFERROR(INDEX('Warehouse Helper'!$J$2:$J$169,_xlfn.AGGREGATE(15,6,(ROW('Warehouse Helper'!$J$2:$J$169)-ROW('Warehouse Helper'!$J$2)+1)/('Warehouse Helper'!$J$2:$J$169>0),ROWS($D$7:D13))),"")} -> 2470 | E13: Reorder | F13: =IF(E13="Initial Stock",C13,C13+3) -> 46060 | G13: {=_xlfn.LET( _xlpm.skus,Capacity!$D$3:$D$7, _xlpm.caps,Capacity!$B$3:$B$7, SUM( ( SUMIFS($D$2:$D$70,$B$2:$B$70,_xlpm.skus,$F$2:$F$70,"<="&F13) - SUMIFS('Demand Projection'!$D$2:$D$169,'Demand Projection'!$B$2:$B$169,_xlpm.skus,'Demand Projection'!$C$2:$C$169,"<="&F13) ) /_xlpm.caps ) )} -> 1.0957551
A14: 13 | B14: {=IFERROR(INDEX('Warehouse Helper'!$A$2:$A$169,_xlfn.AGGREGATE(15,6,(ROW('Warehouse Helper'!$J$2:$J$169)-ROW('Warehouse Helper'!$J$2)+1)/('Warehouse Helper'!$J$2:$J$169>0),ROWS($B$7:B14))),"")} -> SKU PROD C | C14: {=IFERROR(INDEX('Warehouse Helper'!$B$2:$B$169,_xlfn.AGGREGATE(15,6,(ROW('Warehouse Helper'!$J$2:$J$169)-ROW('Warehouse Helper'!$J$2)+1)/('Warehouse Helper'!$J$2:$J$169>0),ROWS($C$7:C14))),"")} -> 46058 | D14: {=IFERROR(INDEX('Warehouse Helper'!$J$2:$J$169,_xlfn.AGGREGATE(15,6,(ROW('Warehouse Helper'!$J$2:$J$169)-ROW('Warehouse Helper'!$J$2)+1)/('Warehouse Helper'!$J$2:$J$169>0),ROWS($D$7:D14))),"")} -> 1745 | E14: Reorder | F14: =IF(E14="Initial Stock",C14,C14+3) -> 46061 | G14: {=_xlfn.LET( _xlpm.skus,Capacity!$D$3:$D$7, _xlpm.caps,Capacity!$B$3:$B$7, SUM( ( SUMIFS($D$2:$D$70,$B$2:$B$70,_xlpm.skus,$F$2:$F$70,"<="&F14) - SUMIFS('Demand Projection'!$D$2:$D$169,'Demand Projection'!$B$2:$B$169,_xlpm.skus,'Demand Projection'!$C$2:$C$169,"<="&F14) ) /_xlpm.caps ) )} -> 1.2120885
A15: 14 | B15: {=IFERROR(INDEX('Warehouse Helper'!$A$2:$A$169,_xlfn.AGGREGATE(15,6,(ROW('Warehouse Helper'!$J$2:$J$169)-ROW('Warehouse Helper'!$J$2)+1)/('Warehouse Helper'!$J$2:$J$169>0),ROWS($B$7:B15))),"")} -> SKU PROD C | C15: {=IFERROR(INDEX('Warehouse Helper'!$B$2:$B$169,_xlfn.AGGREGATE(15,6,(ROW('Warehouse Helper'!$J$2:$J$169)-ROW('Warehouse Helper'!$J$2)+1)/('Warehouse Helper'!$J$2:$J$169>0),ROWS($C$7:C15))),"")} -> 46073 | D15: {=IFERROR(INDEX('Warehouse Helper'!$J$2:$J$169,_xlfn.AGGREGATE(15,6,(ROW('Warehouse Helper'!$J$2:$J$169)-ROW('Warehouse Helper'!$J$2)+1)/('Warehouse Helper'!$J$2:$J$169>0),ROWS($D$7:D15))),"")} -> 1385 | E15: Reorder | F15: =IF(E15="Initial Stock",C15,C15+3) -> 46076 | G15: {=_xlfn.LET( _xlpm.skus,Capacity!$D$3:$D$7, _xlpm.caps,Capacity!$B$3:$B$7, SUM( ( SUMIFS($D$2:$D$70,$B$2:$B$70,_xlpm.skus,$F$2:$F$70,"<="&F15) - SUMIFS('Demand Projection'!$D$2:$D$169,'Demand Projection'!$B$2:$B$169,_xlpm.skus,'Demand Projection'!$C$2:$C$169,"<="&F15) ) /_xlpm.caps ) )} -> 1.04435
A16: 15 | B16: {=IFERROR(INDEX('Warehouse Helper'!$A$2:$A$169,_xlfn.AGGREGATE(15,6,(ROW('Warehouse Helper'!$J$2:$J$169)-ROW('Warehouse Helper'!$J$2)+1)/('Warehouse Helper'!$J$2:$J$169>0),ROWS($B$7:B16))),"")} -> SKU PROD D | C16: {=IFERROR(INDEX('Warehouse Helper'!$B$2:$B$169,_xlfn.AGGREGATE(15,6,(ROW('Warehouse Helper'!$J$2:$J$169)-ROW('Warehouse Helper'!$J$2)+1)/('Warehouse Helper'!$J$2:$J$169>0),ROWS($C$7:C16))),"")} -> 46081 | D16: {=IFERROR(INDEX('Warehouse Helper'!$J$2:$J$169,_xlfn.AGGREGATE(15,6,(ROW('Warehouse Helper'!$J$2:$J$169)-ROW('Warehouse Helper'!$J$2)+1)/('Warehouse Helper'!$J$2:$J$169>0),ROWS($D$7:D16))),"")} -> 4823 | E16: Reorder | F16: =IF(E16="Initial Stock",C16,C16+3) -> 46084 | G16: {=_xlfn.LET( _xlpm.skus,Capacity!$D$3:$D$7, _xlpm.caps,Capacity!$B$3:$B$7, SUM( ( SUMIFS($D$2:$D$70,$B$2:$B$70,_xlpm.skus,$F$2:$F$70,"<="&F16) - SUMIFS('Demand Projection'!$D$2:$D$169,'Demand Projection'!$B$2:$B$169,_xlpm.skus,'Demand Projection'!$C$2:$C$169,"<="&F16) ) /_xlpm.caps ) )} -> 0.80827846
A17: 16 | B17: {=IFERROR(INDEX('Warehouse Helper'!$A$2:$A$169,_xlfn.AGGREGATE(15,6,(ROW('Warehouse Helper'!$J$2:$J$169)-ROW('Warehouse Helper'!$J$2)+1)/('Warehouse Helper'!$J$2:$J$169>0),ROWS($B$7:B17))),"")} -> SKU PROD E | C17: {=IFERROR(INDEX('Warehouse Helper'!$B$2:$B$169,_xlfn.AGGREGATE(15,6,(ROW('Warehouse Helper'!$J$2:$J$169)-ROW('Warehouse Helper'!$J$2)+1)/('Warehouse Helper'!$J$2:$J$169>0),ROWS($C$7:C17))),"")} -> 46081 | D17: {=IFERROR(INDEX('Warehouse Helper'!$J$2:$J$169,_xlfn.AGGREGATE(15,6,(ROW('Warehouse Helper'!$J$2:$J$169)-ROW('Warehouse Helper'!$J$2)+1)/('Warehouse Helper'!$J$2:$J$169>0),ROWS($D$7:D17))),"")} -> 2570 | E17: Reorder | F17: =IF(E17="Initial Stock",C17,C17+3) -> 46084 | G17: {=_xlfn.LET( _xlpm.skus,Capacity!$D$3:$D$7, _xlpm.caps,Capacity!$B$3:$B$7, SUM( ( SUMIFS($D$2:$D$70,$B$2:$B$70,_xlpm.skus,$F$2:$F$70,"<="&F17) - SUMIFS('Demand Projection'!$D$2:$D$169,'Demand Projection'!$B$2:$B$169,_xlpm.skus,'Demand Projection'!$C$2:$C$169,"<="&F17) ) /_xlpm.caps ) )} -> 0.80827846
A18: 17 | B18: {=IFERROR(INDEX('Warehouse Helper'!$A$2:$A$169,_xlfn.AGGREGATE(15,6,(ROW('Warehouse Helper'!$J$2:$J$169)-ROW('Warehouse Helper'!$J$2)+1)/('Warehouse Helper'!$J$2:$J$169>0),ROWS($B$7:B18))),"")} -> SKU PROD B | C18: {=IFERROR(INDEX('Warehouse Helper'!$B$2:$B$169,_xlfn.AGGREGATE(15,6,(ROW('Warehouse Helper'!$J$2:$J$169)-ROW('Warehouse Helper'!$J$2)+1)/('Warehouse Helper'!$J$2:$J$169>0),ROWS($C$7:C18))),"")} -> 46084 | D18: {=IFERROR(INDEX('Warehouse Helper'!$J$2:$J$169,_xlfn.AGGREGATE(15,6,(ROW('Warehouse Helper'!$J$2:$J$169)-ROW('Warehouse Helper'!$J$2)+1)/('Warehouse Helper'!$J$2:$J$169>0),ROWS($D$7:D18))),"")} -> 6804 | E18: Reorder | F18: =IF(E18="Initial Stock",C18,C18+3) -> 46087 | G18: {=_xlfn.LET( _xlpm.skus,Capacity!$D$3:$D$7, _xlpm.caps,Capacity!$B$3:$B$7, SUM( ( SUMIFS($D$2:$D$70,$B$2:$B$70,_xlpm.skus,$F$2:$F$70,"<="&F18) - SUMIFS('Demand Projection'!$D$2:$D$169,'Demand Projection'!$B$2:$B$169,_xlpm.skus,'Demand Projection'!$C$2:$C$169,"<="&F18) ) /_xlpm.caps ) )} -> 0.90018846
... A70: 69 | B70: {=IFERROR(INDEX('Warehouse Helper'!$A$2:$A$169,_xlfn.AGGREGATE(15,6,(ROW('Warehouse Helper'!$J$2:$J$169)-ROW('Warehouse Helper'!$J$2)+1)/('Warehouse Helper'!$J$2:$J$169>0),ROWS($B$7:B70))),"")} -> SKU PROD E | C70: {=IFERROR(INDEX('Warehouse Helper'!$B$2:$B$169,_xlfn.AGGREGATE(15,6,(ROW('Warehouse Helper'!$J$2:$J$169)-ROW('Warehouse Helper'!$J$2)+1)/('Warehouse Helper'!$J$2:$J$169>0),ROWS($C$7:C70))),"")} -> 46384 | D70: {=IFERROR(INDEX('Warehouse Helper'!$J$2:$J$169,_xlfn.AGGREGATE(15,6,(ROW('Warehouse Helper'!$J$2:$J$169)-ROW('Warehouse Helper'!$J$2)+1)/('Warehouse Helper'!$J$2:$J$169>0),ROWS($D$7:D70))),"")} -> 2671 | E70: Reorder | F70: =IF(E70="Initial Stock",C70,C70+3) -> 46387 | G70: {=_xlfn.LET( _xlpm.skus,Capacity!$D$3:$D$7, _xlpm.caps,Capacity!$B$3:$B$7, SUM( ( SUMIFS($D$2:$D$70,$B$2:$B$70,_xlpm.skus,$F$2:$F$70,"<="&F70) - SUMIFS('Demand Projection'!$D$2:$D$169,'Demand Projection'!$B$2:$B$169,_xlpm.skus,'Demand Projection'!$C$2:$C$169,"<="&F70) ) /_xlpm.caps ) )} -> 1.1056251

Sheet Capacity
A1: Warehouse Capacity | D1: Min/Max Stock Level
A2: Product | B2: Full Unit Capacity | D2: Product | E2: Min | F2: Max
A3: SKU PROD A | B3: 10000 | D3: SKU PROD A | E3: =_xlfn.MINIFS('Demand Helper'!$D$2:$D$169,'Demand Helper'!$A$2:$A$169,$D3) -> 678 | F3: =_xlfn.MAXIFS('Demand Helper'!$D$2:$D$169,'Demand Helper'!$A$2:$A$169,$D3) -> 2632
A4: SKU PROD B | B4: 25000 | D4: SKU PROD B | E4: =_xlfn.MINIFS('Demand Helper'!$D$2:$D$169,'Demand Helper'!$A$2:$A$169,$D4) -> 376 | F4: =_xlfn.MAXIFS('Demand Helper'!$D$2:$D$169,'Demand Helper'!$A$2:$A$169,$D4) -> 6570
A5: SKU PROD C | B5: 15000 | D5: SKU PROD C | E5: =_xlfn.MINIFS('Demand Helper'!$D$2:$D$169,'Demand Helper'!$A$2:$A$169,$D5) -> 358 | F5: =_xlfn.MAXIFS('Demand Helper'!$D$2:$D$169,'Demand Helper'!$A$2:$A$169,$D5) -> 1537
A6: SKU PROD D | B6: 8000 | D6: SKU PROD D | E6: =_xlfn.MINIFS('Demand Helper'!$D$2:$D$169,'Demand Helper'!$A$2:$A$169,$D6) -> 430 | F6: =_xlfn.MAXIFS('Demand Helper'!$D$2:$D$169,'Demand Helper'!$A$2:$A$169,$D6) -> 3532
A7: SKU PROD E | B7: 19500 | D7: SKU PROD E | E7: =_xlfn.MINIFS('Demand Helper'!$D$2:$D$169,'Demand Helper'!$A$2:$A$169,$D7) -> 250 | F7: =_xlfn.MAXIFS('Demand Helper'!$D$2:$D$169,'Demand Helper'!$A$2:$A$169,$D7) -> 2357

Sheet Warehouse Helper
A1: SKU | B1: Date | C1: Demand | D1: Initial Stock | E1: Cumulative Demand | F1: Arrival Qty | G1: Stock After Demand | H1: Min | I1: Max | J1: Reorder Qty | K1: Arrival Date
A2: ='Demand Projection'!B2 -> SKU PROD A | B2: ='Demand Projection'!C2 -> 46025 | C2: ='Demand Projection'!D2 -> 1000 | D2: =SUMIFS(Warehouse!$D$2:$D$6,Warehouse!$B$2:$B$6,A2) -> 2200 | E2: =SUMIFS($C$2:C2,$A$2:A2,A2) -> 1000 | F2: =0 -> 0 | G2: =D2-E2+F2 -> 1200 | H2: =INDEX(Capacity!$E$3:$E$7,MATCH(A2,Capacity!$D$3:$D$7,0)) -> 678 | I2: =INDEX(Capacity!$F$3:$F$7,MATCH(A2,Capacity!$D$3:$D$7,0)) -> 2632 | J2: =IF(G2<H2,I2-G2,0) -> 0 | K2: =B2+3 -> 46028
A3: ='Demand Projection'!B3 -> SKU PROD B | B3: ='Demand Projection'!C3 -> 46025 | C3: ='Demand Projection'!D3 -> 6000 | D3: =SUMIFS(Warehouse!$D$2:$D$6,Warehouse!$B$2:$B$6,A3) -> 8000 | E3: =SUMIFS($C$2:C3,$A$2:A3,A3) -> 6000 | F3: =SUMIFS($J$2:J2,$A$2:A2,A3,$K$2:K2,"<="&B3) -> 0 | G3: =D3-E3+F3 -> 2000 | H3: =INDEX(Capacity!$E$3:$E$7,MATCH(A3,Capacity!$D$3:$D$7,0)) -> 376 | I3: =INDEX(Capacity!$F$3:$F$7,MATCH(A3,Capacity!$D$3:$D$7,0)) -> 6570 | J3: =IF(G3<H3,I3-G3,0) -> 0 | K3: =B3+3 -> 46028
A4: ='Demand Projection'!B4 -> SKU PROD A | B4: ='Demand Projection'!C4 -> 46026 | C4: ='Demand Projection'!D4 -> 400 | D4: =SUMIFS(Warehouse!$D$2:$D$6,Warehouse!$B$2:$B$6,A4) -> 2200 | E4: =SUMIFS($C$2:C4,$A$2:A4,A4) -> 1400 | F4: =SUMIFS($J$2:J3,$A$2:A3,A4,$K$2:K3,"<="&B4) -> 0 | G4: =D4-E4+F4 -> 800 | H4: =INDEX(Capacity!$E$3:$E$7,MATCH(A4,Capacity!$D$3:$D$7,0)) -> 678 | I4: =INDEX(Capacity!$F$3:$F$7,MATCH(A4,Capacity!$D$3:$D$7,0)) -> 2632 | J4: =IF(G4<H4,I4-G4,0) -> 0 | K4: =B4+3 -> 46029
A5: ='Demand Projection'!B5 -> SKU PROD C | B5: ='Demand Projection'!C5 -> 46027 | C5: ='Demand Projection'!D5 -> 900 | D5: =SUMIFS(Warehouse!$D$2:$D$6,Warehouse!$B$2:$B$6,A5) -> 1700 | E5: =SUMIFS($C$2:C5,$A$2:A5,A5) -> 900 | F5: =SUMIFS($J$2:J4,$A$2:A4,A5,$K$2:K4,"<="&B5) -> 0 | G5: =D5-E5+F5 -> 800 | H5: =INDEX(Capacity!$E$3:$E$7,MATCH(A5,Capacity!$D$3:$D$7,0)) -> 358 | I5: =INDEX(Capacity!$F$3:$F$7,MATCH(A5,Capacity!$D$3:$D$7,0)) -> 1537 | J5: =IF(G5<H5,I5-G5,0) -> 0 | K5: =B5+3 -> 46030
A6: ='Demand Projection'!B6 -> SKU PROD D | B6: ='Demand Projection'!C6 -> 46028 | C6: ='Demand Projection'!D6 -> 600 | D6: =SUMIFS(Warehouse!$D$2:$D$6,Warehouse!$B$2:$B$6,A6) -> 3500 | E6: =SUMIFS($C$2:C6,$A$2:A6,A6) -> 600 | F6: =SUMIFS($J$2:J5,$A$2:A5,A6,$K$2:K5,"<="&B6) -> 0 | G6: =D6-E6+F6 -> 2900 | H6: =INDEX(Capacity!$E$3:$E$7,MATCH(A6,Capacity!$D$3:$D$7,0)) -> 430 | I6: =INDEX(Capacity!$F$3:$F$7,MATCH(A6,Capacity!$D$3:$D$7,0)) -> 3532 | J6: =IF(G6<H6,I6-G6,0) -> 0 | K6: =B6+3 -> 46031
A7: ='Demand Projection'!B7 -> SKU PROD A | B7: ='Demand Projection'!C7 -> 46029 | C7: ='Demand Projection'!D7 -> 1000 | D7: =SUMIFS(Warehouse!$D$2:$D$6,Warehouse!$B$2:$B$6,A7) -> 2200 | E7: =SUMIFS($C$2:C7,$A$2:A7,A7) -> 2400 | F7: =SUMIFS($J$2:J6,$A$2:A6,A7,$K$2:K6,"<="&B7) -> 0 | G7: =D7-E7+F7 -> -200 | H7: =INDEX(Capacity!$E$3:$E$7,MATCH(A7,Capacity!$D$3:$D$7,0)) -> 678 | I7: =INDEX(Capacity!$F$3:$F$7,MATCH(A7,Capacity!$D$3:$D$7,0)) -> 2632 | J7: =IF(G7<H7,I7-G7,0) -> 2832 | K7: =B7+3 -> 46032
A8: ='Demand Projection'!B8 -> SKU PROD C | B8: ='Demand Projection'!C8 -> 46031 | C8: ='Demand Projection'!D8 -> 500 | D8: =SUMIFS(Warehouse!$D$2:$D$6,Warehouse!$B$2:$B$6,A8) -> 1700 | E8: =SUMIFS($C$2:C8,$A$2:A8,A8) -> 1400 | F8: =SUMIFS($J$2:J7,$A$2:A7,A8,$K$2:K7,"<="&B8) -> 0 | G8: =D8-E8+F8 -> 300 | H8: =INDEX(Capacity!$E$3:$E$7,MATCH(A8,Capacity!$D$3:$D$7,0)) -> 358 | I8: =INDEX(Capacity!$F$3:$F$7,MATCH(A8,Capacity!$D$3:$D$7,0)) -> 1537 | J8: =IF(G8<H8,I8-G8,0) -> 1237 | K8: =B8+3 -> 46034
A9: ='Demand Projection'!B9 -> SKU PROD E | B9: ='Demand Projection'!C9 -> 46034 | C9: ='Demand Projection'!D9 -> 400 | D9: =SUMIFS(Warehouse!$D$2:$D$6,Warehouse!$B$2:$B$6,A9) -> 2300 | E9: =SUMIFS($C$2:C9,$A$2:A9,A9) -> 400 | F9: =SUMIFS($J$2:J8,$A$2:A8,A9,$K$2:K8,"<="&B9) -> 0 | G9: =D9-E9+F9 -> 1900 | H9: =INDEX(Capacity!$E$3:$E$7,MATCH(A9,Capacity!$D$3:$D$7,0)) -> 250 | I9: =INDEX(Capacity!$F$3:$F$7,MATCH(A9,Capacity!$D$3:$D$7,0)) -> 2357 | J9: =IF(G9<H9,I9-G9,0) -> 0 | K9: =B9+3 -> 46037
A10: ='Demand Projection'!B10 -> SKU PROD B | B10: ='Demand Projection'!C10 -> 46035 | C10: ='Demand Projection'!D10 -> 600 | D10: =SUMIFS(Warehouse!$D$2:$D$6,Warehouse!$B$2:$B$6,A10) -> 8000 | E10: =SUMIFS($C$2:C10,$A$2:A10,A10) -> 6600 | F10: =SUMIFS($J$2:J9,$A$2:A9,A10,$K$2:K9,"<="&B10) -> 0 | G10: =D10-E10+F10 -> 1400 | H10: =INDEX(Capacity!$E$3:$E$7,MATCH(A10,Capacity!$D$3:$D$7,0)) -> 376 | I10: =INDEX(Capacity!$F$3:$F$7,MATCH(A10,Capacity!$D$3:$D$7,0)) -> 6570 | J10: =IF(G10<H10,I10-G10,0) -> 0 | K10: =B10+3 -> 46038
A11: ='Demand Projection'!B11 -> SKU PROD D | B11: ='Demand Projection'!C11 -> 46039 | C11: ='Demand Projection'!D11 -> 900 | D11: =SUMIFS(Warehouse!$D$2:$D$6,Warehouse!$B$2:$B$6,A11) -> 3500 | E11: =SUMIFS($C$2:C11,$A$2:A11,A11) -> 1500 | F11: =SUMIFS($J$2:J10,$A$2:A10,A11,$K$2:K10,"<="&B11) -> 0 | G11: =D11-E11+F11 -> 2000 | H11: =INDEX(Capacity!$E$3:$E$7,MATCH(A11,Capacity!$D$3:$D$7,0)) -> 430 | I11: =INDEX(Capacity!$F$3:$F$7,MATCH(A11,Capacity!$D$3:$D$7,0)) -> 3532 | J11: =IF(G11<H11,I11-G11,0) -> 0 | K11: =B11+3 -> 46042
A12: ='Demand Projection'!B12 -> SKU PROD C | B12: ='Demand Projection'!C12 -> 46042 | C12: ='Demand Projection'!D12 -> 800 | D12: =SUMIFS(Warehouse!$D$2:$D$6,Warehouse!$B$2:$B$6,A12) -> 1700 | E12: =SUMIFS($C$2:C12,$A$2:A12,A12) -> 2200 | F12: =SUMIFS($J$2:J11,$A$2:A11,A12,$K$2:K11,"<="&B12) -> 1237 | G12: =D12-E12+F12 -> 737 | H12: =INDEX(Capacity!$E$3:$E$7,MATCH(A12,Capacity!$D$3:$D$7,0)) -> 358 | I12: =INDEX(Capacity!$F$3:$F$7,MATCH(A12,Capacity!$D$3:$D$7,0)) -> 1537 | J12: =IF(G12<H12,I12-G12,0) -> 0 | K12: =B12+3 -> 46045
A13: ='Demand Projection'!B13 -> SKU PROD A | B13: ='Demand Projection'!C13 -> 46046 | C13: ='Demand Projection'!D13 -> 1000 | D13: =SUMIFS(Warehouse!$D$2:$D$6,Warehouse!$B$2:$B$6,A13) -> 2200 | E13: =SUMIFS($C$2:C13,$A$2:A13,A13) -> 3400 | F13: =SUMIFS($J$2:J12,$A$2:A12,A13,$K$2:K12,"<="&B13) -> 2832 | G13: =D13-E13+F13 -> 1632 | H13: =INDEX(Capacity!$E$3:$E$7,MATCH(A13,Capacity!$D$3:$D$7,0)) -> 678 | I13: =INDEX(Capacity!$F$3:$F$7,MATCH(A13,Capacity!$D$3:$D$7,0)) -> 2632 | J13: =IF(G13<H13,I13-G13,0) -> 0 | K13: =B13+3 -> 46049
A14: ='Demand Projection'!B14 -> SKU PROD D | B14: ='Demand Projection'!C14 -> 46050 | C14: ='Demand Projection'!D14 -> 3000 | D14: =SUMIFS(Warehouse!$D$2:$D$6,Warehouse!$B$2:$B$6,A14) -> 3500 | E14: =SUMIFS($C$2:C14,$A$2:A14,A14) -> 4500 | F14: =SUMIFS($J$2:J13,$A$2:A13,A14,$K$2:K13,"<="&B14) -> 0 | G14: =D14-E14+F14 -> -1000 | H14: =INDEX(Capacity!$E$3:$E$7,MATCH(A14,Capacity!$D$3:$D$7,0)) -> 430 | I14: =INDEX(Capacity!$F$3:$F$7,MATCH(A14,Capacity!$D$3:$D$7,0)) -> 3532 | J14: =IF(G14<H14,I14-G14,0) -> 4532 | K14: =B14+3 -> 46053
... A169: ='Demand Projection'!B169 -> SKU PROD E | B169: ='Demand Projection'!C169 -> 46384 | C169: ='Demand Projection'!D169 -> 2357 | D169: =SUMIFS(Warehouse!$D$2:$D$6,Warehouse!$B$2:$B$6,A169) -> 2300 | E169: =SUMIFS($C$2:C169,$A$2:A169,A169) -> 29400 | F169: =SUMIFS($J$2:J168,$A$2:A168,A169,$K$2:K168,"<="&B169) -> 26786 | G169: =D169-E169+F169 -> -314 | H169: =INDEX(Capacity!$E$3:$E$7,MATCH(A169,Capacity!$D$3:$D$7,0)) -> 250 | I169: =INDEX(Capacity!$F$3:$F$7,MATCH(A169,Capacity!$D$3:$D$7,0)) -> 2357 | J169: =IF(G169<H169,I169-G169,0) -> 2671 | K169: =B169+3 -> 46387

Sheet Demand Helper
A1: Produk | B1: Tanggal | C1: Jumlah | D1: Demand 6 Hari
A2: ='Demand Projection'!B2 -> SKU PROD A | B2: ='Demand Projection'!C2 -> 46025 | C2: ='Demand Projection'!D2 -> 1000 | D2: =SUMIFS($C$2:$C$169,$A$2:$A$169,A2,$B$2:$B$169,">="&B2,$B$2:$B$169,"<="&B2+5) -> 2400
A3: ='Demand Projection'!B3 -> SKU PROD B | B3: ='Demand Projection'!C3 -> 46025 | C3: ='Demand Projection'!D3 -> 6000 | D3: =SUMIFS($C$2:$C$169,$A$2:$A$169,A3,$B$2:$B$169,">="&B3,$B$2:$B$169,"<="&B3+5) -> 6000
A4: ='Demand Projection'!B4 -> SKU PROD A | B4: ='Demand Projection'!C4 -> 46026 | C4: ='Demand Projection'!D4 -> 400 | D4: =SUMIFS($C$2:$C$169,$A$2:$A$169,A4,$B$2:$B$169,">="&B4,$B$2:$B$169,"<="&B4+5) -> 1400
A5: ='Demand Projection'!B5 -> SKU PROD C | B5: ='Demand Projection'!C5 -> 46027 | C5: ='Demand Projection'!D5 -> 900 | D5: =SUMIFS($C$2:$C$169,$A$2:$A$169,A5,$B$2:$B$169,">="&B5,$B$2:$B$169,"<="&B5+5) -> 1400
A6: ='Demand Projection'!B6 -> SKU PROD D | B6: ='Demand Projection'!C6 -> 46028 | C6: ='Demand Projection'!D6 -> 600 | D6: =SUMIFS($C$2:$C$169,$A$2:$A$169,A6,$B$2:$B$169,">="&B6,$B$2:$B$169,"<="&B6+5) -> 600
A7: ='Demand Projection'!B7 -> SKU PROD A | B7: ='Demand Projection'!C7 -> 46029 | C7: ='Demand Projection'!D7 -> 1000 | D7: =SUMIFS($C$2:$C$169,$A$2:$A$169,A7,$B$2:$B$169,">="&B7,$B$2:$B$169,"<="&B7+5) -> 1000
A8: ='Demand Projection'!B8 -> SKU PROD C | B8: ='Demand Projection'!C8 -> 46031 | C8: ='Demand Projection'!D8 -> 500 | D8: =SUMIFS($C$2:$C$169,$A$2:$A$169,A8,$B$2:$B$169,">="&B8,$B$2:$B$169,"<="&B8+5) -> 500
A9: ='Demand Projection'!B9 -> SKU PROD E | B9: ='Demand Projection'!C9 -> 46034 | C9: ='Demand Projection'!D9 -> 400 | D9: =SUMIFS($C$2:$C$169,$A$2:$A$169,A9,$B$2:$B$169,">="&B9,$B$2:$B$169,"<="&B9+5) -> 400
A10: ='Demand Projection'!B10 -> SKU PROD B | B10: ='Demand Projection'!C10 -> 46035 | C10: ='Demand Projection'!D10 -> 600 | D10: =SUMIFS($C$2:$C$169,$A$2:$A$169,A10,$B$2:$B$169,">="&B10,$B$2:$B$169,"<="&B10+5) -> 600
A11: ='Demand Projection'!B11 -> SKU PROD D | B11: ='Demand Projection'!C11 -> 46039 | C11: ='Demand Projection'!D11 -> 900 | D11: =SUMIFS($C$2:$C$169,$A$2:$A$169,A11,$B$2:$B$169,">="&B11,$B$2:$B$169,"<="&B11+5) -> 900
A12: ='Demand Projection'!B12 -> SKU PROD C | B12: ='Demand Projection'!C12 -> 46042 | C12: ='Demand Projection'!D12 -> 800 | D12: =SUMIFS($C$2:$C$169,$A$2:$A$169,A12,$B$2:$B$169,">="&B12,$B$2:$B$169,"<="&B12+5) -> 800
A13: ='Demand Projection'!B13 -> SKU PROD A | B13: ='Demand Projection'!C13 -> 46046 | C13: ='Demand Projection'!D13 -> 1000 | D13: =SUMIFS($C$2:$C$169,$A$2:$A$169,A13,$B$2:$B$169,">="&B13,$B$2:$B$169,"<="&B13+5) -> 1000
... A169: ='Demand Projection'!B169 -> SKU PROD E | B169: ='Demand Projection'!C169 -> 46384 | C169: ='Demand Projection'!D169 -> 2357 | D169: =SUMIFS($C$2:$C$169,$A$2:$A$169,A169,$B$2:$B$169,">="&B169,$B$2:$B$169,"<="&B169+5) -> 2357
